Depth,8 filters,58 filters,108 filters
2,71.40574114103066,337.5041223082103,592.9092129104232
4,307.5305320763666,1932.5180350018568,3765.0254046495415
6,370.9856915581775,1422.6567805254538,5807.140098811176
8,380.34402613381025,1443.1310880095944,3937.418047632826
