Depth,8 filters,58 filters,108 filters
2,9.217626513227037,10.373059096501061,13.958855850720091
4,15.722838500024457,42.68614126761493,67.19187213304012
6,22.279691931448486,49.03481734034262,84.87863706326799
8,29.464266532541888,55.86015087503352,85.53257746327864
