Depth,8 filters,58 filters,108 filters
2,21.535851845615788,104.56944879536566,183.98254394139113
4,97.06190419628432,566.2497138408454,1107.85438495345
6,111.0187347145065,429.41930140123554,1737.0113440495181
8,121.33743868846642,448.23557707039936,1183.5707477293909
