Depth,700 neurons,800 neurons,900 neurons
40,0.32098948511041026,0.3108612856724196,0.3332086313149017
60,0.2765184858663365,0.31492757173537306,0.31339219592586914
