Depth,700 neurons,800 neurons,900 neurons
40,5.57677035521001,5.566104839678214,5.573101579258688
60,7.875986261448513,7.877407404429496,7.90146483823356
