Depth,700 neurons,800 neurons,900 neurons
40,0.4272291441495069,0.41830467678738215,0.4612499726889185
60,0.4231763946014748,0.41461573570327026,0.41438805908341
