Depth,8 filters,58 filters,108 filters
2,21.738926683993714,110.30738729689466,195.9010879509151
4,104.34125153053748,573.5600071616078,1135.760466127019
6,118.06434787515747,433.2410270887378,1719.1963019584746
8,127.23637073251761,440.9355609922817,1183.7794132236588
