Depth,8 filters,58 filters,108 filters
2,18.20251066237688,19.713954632415582,27.274022981720535
4,31.61007116891836,84.92004687554743,132.96896099161944
6,46.493609852500654,97.72703568696191,168.21082620146242
8,59.862979540699406,110.46411726917876,168.13169525151974
