Depth,8 filters,58 filters,108 filters
2,40.55196336029392,172.31562738551906,308.2548389211297
4,165.79076324246432,1017.7611582422335,1992.9214200789206
6,185.11697716128668,762.1043894783055,3067.5318245775998
8,203.60707457324392,771.026283919223,2137.520395023258
