Depth,8 filters,58 filters,108 filters
2,3.05673531501701,3.298377569176649,4.298764231957887
4,4.769040418690757,11.393946938608822,17.354081164261228
6,6.3949262870377614,12.679720959184985,23.088902014454728
8,8.12017949494092,14.738621778394046,23.205135017633438
