Batch,Mean time 8 tpus 8b
50,1.8492273398135837
70,2.5669564738085398
90,3.309827199891994
110,4.621074927088461
130,5.198216139289894
150,6.226154289355404
170,7.031221040769627
190,7.899363059550524
210,8.721693296377596
230,9.646033059413496
250,10.779271367937326
270,11.326193294831013
290,12.05760539558373
