Batch,Mean time 4 tpus 8b
50,7.5316444578531545
70,10.5924234529467
90,13.293407146671885
110,16.29979148703186
130,19.368532334307307
150,22.782405152132636
170,25.984961980659712
190,28.53902529827074
210,31.507274356523627
230,34.4664662537214
250,37.4877489613075
270,40.54642017734678
290,44.40425181957452
