Batch,Mean time 1 tpus 8b
50,11.774668641584483
70,16.438897159930907
90,21.088108542914455
110,25.699188393589697
130,30.437568864343984
150,35.12549272885448
170,39.701791994861864
190,44.32917986751387
210,49.00568191844382
230,53.59772857474653
250,58.424145963631176
270,63.29510326644308
290,68.35450695239399
