Batch,Mean time cpu 32b 1 threads
50,15.64503848356636
70,22.262200639632187
90,28.90827720004477
110,35.04443528914922
130,41.24818688356563
150,47.5306497690709
170,53.47574561050064
190,58.712223912344164
210,66.7928660435504
230,72.92485597396367
250,78.78396868411647
270,85.83433144284706
290,95.12441017125782
