Batch,Mean time cpu 32b 2 threads
50,26.661677544729578
70,36.76565633051925
90,47.18201343591014
110,57.57861693079273
130,67.78890153186188
150,78.15817702147696
170,88.62878842693236
190,98.2387895281944
210,109.21744438302186
230,119.796692704161
250,130.36441099312572
270,140.79085877165198
290,151.1787868415316
