Batch,Mean time cpu 32b 4 threads
1,0.609151800448189
21,2.4680928897340686
41,4.831636495584128
61,6.9659016361193995
81,9.179023769208971
101,11.640994419932973
121,14.142970155392375
141,16.38743842058644
161,18.94524796124624
181,21.297725069583677
201,23.67053110608641
221,26.371507468272227
241,28.314803384852652
261,30.91010363886551
281,32.75512150317735
