Batch,Mean time CPU 1 threads
1,0.43324608769681716
51,15.724491017560164
101,32.261356607907345
151,46.95917158905003
