Batch,Mean time CPU 1 threads
1,0.4242342482838366
51,16.005282445500296
101,31.745251682069565
151,46.75798889042603
