Batch,Mean time cpu 32b 16 threads
1,1.4793446040427198
21,2.111711833930137
41,4.98937802123172
61,6.6599898154334145
81,8.130030316889894
101,9.777067048589187
121,11.519222083140393
141,13.415259176066943
161,15.168217200861902
181,16.985974531164583
201,18.883148749948155
221,20.961226296744176
241,22.474933843299443
261,24.029870365499235
281,25.911573985857622
