Batch,Mean time cpu 32b 1 threads
1,0.1605260712621329
11,1.3081814279897257
21,3.9208796512973203
31,3.9121467490550934
41,4.258155861908609
51,5.977534793887858
61,7.157591958851875
71,7.793863568253614
81,9.56253542959153
91,10.826451888492516
101,12.316367537663266
111,13.619622334957242
121,15.093820036255622
131,16.34373502652939
141,17.76412644100052
151,18.040124978590477
161,19.668415185060347
171,21.00818497627541
181,22.45168055074888
191,23.461640722960144
