Batch,Mean time 1 tpus 8b
1,0.6682793419732123
51,20.131659779545604
101,40.54685402661562
151,61.32559340485201
