Batch,Mean time 8 tpus 8b
50,6.026857066899538
70,8.143763038880971
90,10.579259942608829
110,12.678428248939465
130,16.45143502106776
150,17.228356115900134
170,19.589926515306747
190,21.677962257241717
210,24.1529242971874
230,26.24927557130553
250,28.604336234987997
270,30.849039250490616
290,33.20245928492169
