Batch,Mean time 8 TPUs pipeline
1,84.3108834233135
51,1152.1380812395364
101,2216.147266700864
151,3287.420506356284
