Batch,Mean time 4 TPUs
1,77.68309768289328
51,985.709971955253
101,1969.404192072236
151,2877.006700883309
