Batch,Mean time 1 tpus 8b
1,0.9038636023748894
51,31.871320594254197
101,60.69553139790588
151,91.48898301646113
