Batch,Mean time cpu 32b 1 threads
1,2.565225006594342
51,145.3379912073819
101,301.48227614521676
151,440.6736441412751
