Batch,Mean time cpu 32b 2 threads
1,0.4906902964017829
21,3.7629937239903577
41,7.299151946315352
61,10.92196493504607
81,14.3911007088514
101,18.116712579693722
121,21.48905066697269
141,24.56556148446944
161,28.394838082319012
181,32.457324239064235
201,36.06419973265456
221,39.815432401564046
241,43.254622837946734
261,46.89195942209692
281,50.426239109769156
