Batch,Mean time CPU 8 threads
1,178.8300431540443
51,1181.9248304495381
101,2212.150802680602
151,3275.9795983632407
