Batch,Mean time 2 TPUs
1,77.36652251332998
51,1969.0693291938967
101,3863.613959867507
151,5754.190495496408
