Batch,Mean time cpu 32b 2 threads
50,24.574035607582452
70,34.09507575121765
90,43.53802862139989
110,53.18440147200409
130,62.56674446773772
150,72.42680138585214
170,82.19555262666272
190,91.05156077908315
210,100.98924951589838
230,110.84567218524765
250,119.40456691141031
270,129.18967034249584
290,138.8044325368745
