Batch,Mean time 2 TPUs
1,3.723128978163004
51,20.251786010339856
101,35.76424480415881
151,51.64476502686739
