Batch,Mean time 1 TPUs
1,76.78608948157893
51,3863.93570760265
101,7648.301261839353
151,11430.360077569881
