Batch,Mean time cpu 32b 8 threads
1,0.8760650014998962
21,2.169669757844234
41,3.7406579097162704
61,5.421735441350207
81,7.1957130270192815
101,8.924455514975957
121,10.817076079547405
141,12.661621278646042
161,14.40030873315979
181,16.248587861048932
201,18.13128395766324
221,20.14492122380405
241,21.891224359599303
261,23.708457193736518
281,25.40358186376338
