Batch,Mean time CPU 1 threads
1,140.3809137021502
51,6954.755109217432
101,13732.71121809052
151,20594.02271727514
