Batch,Mean time 4 tpus 8b
50,8.696062518853923
70,12.122193417911019
90,15.51949678521071
110,18.96199708500383
130,22.303799271811638
150,25.680063016788694
170,29.154806977556067
190,32.52616767980614
210,35.84156299428064
230,39.203316904604435
250,42.43419413473837
270,45.8236828503408
290,49.23029932934715
