Batch,Mean time 4 TPUs pipeline
1,82.41106504574418
51,1421.5249715838581
101,2761.9907250627875
151,4101.530074700713
