Batch,Mean time 2 TPUs pipeline
1,79.08145464025438
51,2102.1674026269466
101,4121.848717611283
151,6144.0555036999285
