Batch,Mean time 2 tpus 8b
50,14.6770251496714
70,20.44560077923293
90,26.304178833201224
110,32.17035412256207
130,38.002892596913235
150,44.212060182222295
170,49.642911551482214
190,55.31211681093792
210,61.38631525658527
230,67.33469603279111
250,72.87197471691333
270,78.96802774915585
290,85.21174416136073
