Batch,Mean time cpu 32b 8 threads
50,15.42433206828273
70,21.02985369915865
90,26.547374812011817
110,32.42372772751414
130,38.190864777306516
150,43.546121605500886
170,49.340649840555024
190,54.65447462677043
210,60.16836223211519
230,65.71901966912709
250,70.83397797708001
270,77.02614647355311
290,82.92166455363741
