Batch,Mean time cpu 32b 4 threads
50,17.758918013803815
70,24.88771172202363
90,31.705855619998612
110,38.25343918169335
130,45.163536073678
150,52.2181618939705
170,58.9117577147423
190,65.09701921889672
210,72.5243047487979
230,79.27255258344266
250,86.22972020043098
270,92.86284025720492
290,99.97107655912333
