Batch,Mean time cpu 32b 1 threads
1,2.0231459555881366
51,82.06352626676767
101,172.95053744764655
151,258.42297089533236
