Batch,Mean time 1 tpus 8b
50,28.133138463053168
70,38.66606476545638
90,50.39160163616952
110,61.51496445075894
130,72.09122682712515
150,86.43617420172205
170,97.72458588894533
190,107.46046710683375
210,119.29289014933973
230,127.30095889039185
250,147.51969532546948
270,158.02005228909607
290,173.85727256460459
