Batch,Mean time 2 TPUs
1,0.5506462831464078
51,6.304115263952149
101,12.368928796301285
151,18.36891430947516
