Batch,Mean time 1 tpus 8b
1,0.5142519043551551
51,11.993082395444313
101,23.645964088953203
151,35.46670006795062
