Batch,Mean time CPU 4 threads
1,148.87524918756552
51,1880.1384997140203
101,3732.445770719399
151,5569.498169080664
