Batch,Mean time CPU 2 threads
1,143.949035089463
51,3581.222194557389
101,7045.390104305827
151,10479.463605986288
