Batch,Mean time 8 tpus 8b
1,0.7737920600540784
21,3.2107554927316246
41,1.5675505547195066
61,2.1606580335266736
81,2.8973614930042197
101,3.794884252152881
121,4.592267169179965
141,5.564074697239058
161,6.3659999405547065
181,7.224887324383064
201,8.01951366913866
221,8.856605187210501
241,9.639140722170776
261,10.53605440585893
281,11.30792672498798
