Batch,Mean time cpu 32b 1 threads
50,40.09509057148683
70,56.067406066826415
90,71.23761242065503
110,88.08086273659553
130,102.64095732448052
150,120.02432276019637
170,134.88912185159873
190,151.8035996420195
210,164.82902453185952
230,182.89996235042202
250,198.86180921932873
270,217.6394862293893
290,230.11532340350809
