Batch,Mean time 2 tpus 8b
1,3.7276558578014374
51,18.70691403746605
101,37.92002238333225
151,46.78987665101886
