Batch,Mean time cpu 32b 16 threads
50,19.604160697484502
70,27.003490461074577
90,33.29279528436612
110,40.11160317732363
130,47.92956764600715
150,55.314756454709844
170,63.129877063388726
190,68.44438882354571
210,76.03714615106583
230,82.81071889879448
250,90.53597517539652
270,95.37314692968313
290,100.34589278416671
