Batch,Mean time 8 TPUs
1,78.75758787203166
51,531.7115823531317
101,986.5660070338183
151,1441.2920738363432
