Batch,Mean time cpu 32b 16 threads
50,2.8390596914840374
70,3.712460913352276
90,4.716573993822462
110,5.518803103385787
130,6.777816746187837
150,7.824180304611984
170,8.880101879568477
190,9.738453663885593
210,11.288710918865705
230,12.378804532713012
250,13.116818362552868
270,14.507037783531766
290,15.356009335894333
