Batch,Mean time 4 tpus 8b
50,132.87395026741757
70,182.463516946882
90,231.68504336434933
110,281.2431307716502
130,331.4939249410397
150,381.1718901722795
170,431.179438252002
190,480.91002093214126
210,530.6475442420277
230,581.1403138666517
250,630.7254427940481
270,680.7083276410898
290,731.3199560675356
