Batch,Mean time 8 tpus 8b
50,3.977207156519095
70,5.3935731864637795
90,6.925768581115538
110,8.60335755472382
130,10.405304479516214
150,11.860556124399105
170,13.62072474633654
190,15.174758775780598
210,16.895856915248764
230,18.210053961310123
250,20.036918421586353
270,21.412156987935305
290,23.20406058182319
