Batch,Mean time 2 tpus 8b
50,14.205452882581287
70,19.944040725628536
90,25.301725034498507
110,31.19208353261153
130,37.25650896214776
150,42.96129947114322
170,48.082577323334085
190,54.96920371014211
210,60.452853639920555
230,67.00838750435247
250,71.71689429216914
270,77.51557008466787
290,84.81637264291446
