Batch,Mean time 2 tpus 8b
50,251.07093709003595
70,348.07125877382026
90,445.95749934928284
110,544.7552916076448
130,643.991035874933
150,743.1186811170644
170,841.6914760859477
190,940.4013773115972
210,1040.002369373623
230,1138.373436457995
250,1238.1856246954865
270,1336.322122098257
290,1436.2847584610183
