Batch,Mean time 1 tpus 8b
50,30.043507141894416
70,41.97272099554539
90,53.7330286430293
110,66.50975042659985
130,78.6015490854257
150,91.35595177251257
170,102.90944149815722
190,114.39420363718742
210,127.72279985151009
230,137.277774022598
250,152.65812511604867
270,157.55710368485828
290,171.48507327625626
