Batch,Mean time cpu 32b 2 threads
50,158.46109512801232
70,221.43471816946803
90,286.0573914000078
110,357.5449318036829
130,413.8287744533859
150,489.56981815985944
170,566.5403698865128
190,633.2402106766638
210,700.2201222716585
230,768.2711287940804
250,810.4057079181075
270,890.1927242741773
290,962.4389446781654
