Batch,Mean time 4 tpus 8b
50,3.3664130605757236
70,4.749394119962266
90,6.065716550342347
110,7.411723049651635
130,8.89861909672618
150,10.243156704267388
170,11.593306853779053
190,13.301654449222903
210,15.114131873767628
230,15.591875086293408
250,17.106577165816958
270,18.327800189389993
290,19.666254397873814
