Batch,Mean time cpu 32b 8 threads
50,65.94746349085318
70,81.52687355974003
90,94.61457527389652
110,118.89163590967655
130,142.94054780743625
150,160.6175359583607
170,188.64109337722002
190,204.57252507147035
210,228.3835676743796
230,254.3194565529886
250,275.1958522651541
270,303.7136152729784
290,316.1656383523031
