Batch,Mean time 1 tpus 8b
50,28.870472425801886
70,41.177993692043756
90,51.643991480684946
110,64.24246019580298
130,76.10363088962104
150,87.5131889867286
170,100.93056907256444
190,111.08318405846755
210,123.73928741241495
230,137.19535205099316
250,148.12237614144883
270,157.21196681261063
290,171.40486629472838
