Batch,Mean time cpu 32b 2 threads
50,7.766819583546174
70,10.588106233626604
90,13.349234298067657
110,16.698219323236692
130,19.325643679813336
150,22.11524786329583
170,24.69134389569885
190,27.960367427256546
210,31.456194450392534
230,34.86605366005709
250,36.93295341279162
270,40.04915254680734
290,43.78914744838288
