Batch,Mean time cpu 32b 8 threads
50,92.0035935834878
70,110.44817707604832
90,143.58813610548773
110,175.66811691762672
130,209.91657726052733
150,243.16741458864675
170,277.82921912148595
190,308.6731525965863
210,340.82741999170844
230,371.26150184000534
250,403.2449636918803
270,435.7020617980096
290,468.52697607957657
