Batch,Mean time 1 tpus 8b
50,494.7979333810508
70,690.066362110277
90,887.0471435495549
110,1083.7982227094471
130,1280.9858328869773
150,1478.2614592566258
170,1675.4062534309924
190,1872.5462401699688
210,2069.8311977191934
230,2266.534722203182
250,2463.930824978484
270,2661.23201046139
290,2857.32306038133
