Batch,Mean time cpu 32b 4 threads
50,87.9594407436487
70,125.33384429192857
90,163.4905186089638
110,201.7433059548861
130,241.86739813242303
150,272.242658698049
170,308.24018887391213
190,345.31884361058474
210,378.7781622162775
230,416.9998688525275
250,452.4843572687946
270,491.0846518254594
290,537.3735062925047
