Batch,Mean time cpu 32b 8 threads
50,11.153381421334213
70,13.859503592054049
90,19.180695991963148
110,20.53159759897325
130,25.382770639326836
150,28.340069732318323
170,30.040505135224926
190,34.742194486574995
210,38.0938870107962
230,41.34908013252748
250,45.61279988330271
270,47.86476917150948
290,52.09243602843748
