Depth,8 filters,58 filters,108 filters
2,4.990550983501108,5.490738800481746,7.387287228515274
4,8.2166861546667,20.68199602102763,33.7773988660621
6,11.433129934103865,23.95422107196952,43.221511338886465
8,14.614249947235772,27.928773779422045,43.62176821910237
