Batch,Mean time cpu 32b 8 threads
50,2.7964802851018153
70,4.178920907801704
90,5.2633598495862985
110,6.013316347410805
130,8.227638630686622
150,8.457265059022527
170,10.557556671923713
190,11.403528434273444
210,12.719902994209214
230,13.231053605283561
250,14.52180093742515
270,15.624096788662044
290,17.894669828054152
