Batch,Mean time 4 tpus 8b
50,7.380099915381935
70,10.213781924297413
90,12.975231951309574
110,15.960362843341297
130,18.858347915940815
150,22.27667672559619
170,24.657853930774664
190,27.788714040070772
210,30.567190144211054
230,34.0517949209445
250,36.439705484857164
270,39.39162013638351
290,43.17267440880338
