Batch,Mean time cpu 32b 1 threads
50,131.02496611444573
70,191.6822325683346
90,229.98857811877602
110,300.4164803822182
130,361.9569266999238
150,397.5453936053734
170,474.78926804308827
190,525.0239285493368
210,547.7275565560711
230,635.447211955723
250,645.625704237701
270,739.5758653353704
290,802.1262837818971
