Batch,Mean time 2 tpus 8b
50,6.130756908341458
70,8.606958938272376
90,11.255901453918533
110,13.215273104019856
130,15.680005651359496
150,28.92112905943864
170,20.770575924727478
190,23.61025651426692
210,25.46308856261404
230,27.880194131284952
250,30.469692704316817
270,33.37261534148925
290,35.66986047907879
