Batch,Mean time cpu 32b 16 threads
50,9.038468512396017
70,12.576338265919023
90,15.813223655439085
110,19.382379276471006
130,22.84081145707104
150,26.084738938758772
170,30.635707132104372
190,34.1542326948709
210,38.07984287333157
230,39.7766841472023
250,42.68234192083279
270,46.59803868788812
290,49.96368708088994
