Batch,Mean time cpu 32b 4 threads
50,149.2498602407674
70,200.503750393788
90,246.96585468740926
110,306.225436170482
130,361.9091793791288
150,429.60503925051955
170,492.1259216757284
190,547.691525787943
210,605.9754671942857
230,663.5090757885741
250,720.7842440758315
270,777.910194101019
290,843.1202013873392
