Batch,Mean time 8 tpus 8b
50,73.80379224196076
70,96.22590761217806
90,126.5362546675735
110,148.80016249501043
130,178.91543798355593
150,201.96332844595113
170,229.0663800926672
190,251.9377783044345
210,278.6912964139548
230,299.5568259826137
250,330.3491085664266
270,351.05536474535864
290,380.5389188023077
