Batch,Mean time cpu 32b 16 threads
50,78.63114220607612
70,113.89046477981739
90,140.82769521822533
110,178.62077419542604
130,208.56393635686902
150,237.75399496985807
170,269.93654518284734
190,304.69536584698494
210,331.2212227740222
230,367.7423220231301
250,395.3427191720241
270,425.3962394884891
290,459.44866398349404
