Batch,Mean time cpu 32b 1 threads
50,653.6522133068906
70,914.8035318487221
90,1172.8810729562408
110,1433.7013551654916
130,1697.909880688207
150,1954.1562684915132
170,2221.4562565916112
190,2464.1408716949322
210,2719.1316224634647
230,3007.709744024194
250,3264.790808626761
270,3500.937615521252
290,3784.6492449235584
