Num filters,# MACs,On chip mem used,Off chip mem used,Inference time
32,154533888,0.074951171875,0.0,2.1714619360864162
42,264757248,0.101318359375,0.0,2.911109011620283
