Depth,1 neurons,501 neurons,1001 neurons
1,1.591189160021116,2.1025103827317557,2.484302457440833
21,6.3982474184924305,6.63647331024586
41,11.016510725679874,11.237009212073653
