Depth,1 neurons,501 neurons,1001 neurons
1,0.7094551616282475,0.7975071555737293,0.9008611463047941
21,1.8395451085660794,2.1690499070429743
41,3.0010394149958484,3.068292471156879
