Num filters,# MACs,On chip mem used,Off chip mem used,Inference time
32,160432128,"[0.020751953125, 0.01806640625, 0.0361328125]","[0.0, 0.0, 0.0]",0.008542342111468315
